{
    "Version": "2012-10-17",
    "Statement": [
        {
            "Sid": "Stmt1474229683000",
            "Effect": "Allow",
            "Action": [
                "ec2:*"
            ],
            "Resource": [
                "*"
            ]
        },
        {
            "Sid": "Stmt1474229694000",
            "Effect": "Allow",
            "Action": [
                "iam:*"
            ],
            "Resource": [
                "*"
            ]
        },
        {
            "Effect": "Allow",
            "Action": [
                "logs:*"
            ],
            "Resource": "arn:aws:logs:*:*:*"
        },
        {
            "Effect": "Allow",
            "Action": [
                "lambda:InvokeFunction"
            ],
            "Resource": [
                "*"
            ]
        },
        {
            "Effect": "Allow",
            "Action": [
                "ec2:AttachNetworkInterface",
                "ec2:CreateNetworkInterface",
                "ec2:DeleteNetworkInterface",
                "ec2:DescribeInstances",
                "ec2:DescribeNetworkInterfaces",
                "ec2:DetachNetworkInterface",
                "ec2:ModifyNetworkInterfaceAttribute",
                "ec2:ResetNetworkInterfaceAttribute"
            ],
            "Resource": "*"
        },
        {
            "Effect": "Allow",
            "Action": [
                "s3:*"
            ],
            "Resource": "arn:aws:s3:::*"
        },
        {
            "Effect": "Allow",
            "Action": [
                "sns:*"
            ],
            "Resource": "arn:aws:sns:*:*:*"
        },
        {
            "Effect": "Allow",
            "Action": [
                "sqs:*"
            ],
            "Resource": "arn:aws:sqs:*:*:*"
        },
        {
            "Effect": "Allow",
            "Action": [
                "dynamodb:*"
            ],
            "Resource": "arn:aws:dynamodb:*:*:*"
        },
        {
            "Effect": "Allow",
            "Action": [
                "route53:*"
            ],
            "Resource": "*"
        }
    ]
}
